{"1": [[0.551912271199408, 0.25643400988973425, -0.28675989349168085, 0.7398670197785697], [0.551932475306697, 0.2580284015104829, -0.2876053283958082, 0.7389689180162496], [0.5482518758248617, 0.3298167236651353, -0.3352785679623278, 0.6915410987862158], [0.5278774324055577, 0.4569085838930514, -0.40402292606249024, 0.591054513169188], [0.518730457615326, 0.5680069768602167, -0.3297250530141087, 0.5473282159684031], [0.5021326585674928, 0.6542531186903928, -0.14863988604914113, 0.5456389228776986], [0.44326879309067735, 0.7380936220162436, -0.003694444537453795, 0.5086422448936347], [0.38316972759063817, 0.787288292209416, 0.07373851586138122, 0.477410448237843], [0.3689316494456908, 0.7975226885599618, 0.10279658746005937, 0.4661328789904641], [0.3758647914613799, 0.7851958639024782, 0.10249880855509777, 0.48133887033452827], [0.3878578655382959, 0.7466856239873494, 0.044277800345138035, 0.5385780644134107], [0.45096974503897846, 0.5850003345638517, -0.11207451142233821, 0.6647106148611625], [0.559675126972531, 0.3058985373770495, -0.2142664517382591, 0.7397835661450988], [0.7075849611067814, 0.20117605354026355, 0.0098403515625268, 0.6773144659451809], [0.7319167118781504, 0.3125630338889483, 0.3068412833211934, 0.5219681058928941], [0.7285655222817933, 0.3883703383170949, 0.4410985493078094, 0.3518420524273197], [0.7598998942599862, 0.4041824210401024, 0.4190124523966958, 0.2891665367263822]], "2": [[0.5317595003944784, 0.3124366488137798, -0.3342307123734277, 0.7126745436204247], [0.5334351629171545, 0.32386687285246385, -0.3366459835929463, 0.705143004902589], [0.526894605788607, 0.43077707536432874, -0.3860421246234482, 0.6227235853471731], [0.5130353861595874, 0.5170393592039941, -0.36983224478674537, 0.5767920806477868], [0.5011096905153734, 0.6266871490925136, -0.2548940194290907, 0.5396122071387626], [0.4677197980145123, 0.7060750113094686, -0.0826921123924809, 0.5252221277684963], [0.4055810742933785, 0.7723375360001776, 0.04447508306147405, 0.48684770683128237], [0.36454175488494317, 0.8070255997118851, 0.10789930497462907, 0.45185919304698247], [0.3587734324126578, 0.8103618183357673, 0.11346163349801117, 0.4491345069156367], [0.3612336143316062, 0.800351476273764, 0.09236482786849401, 0.4694853872871384], [0.3761946933485369, 0.7438325689865245, 0.017456258055761953, 0.5521647770964735], [0.4676573578811891, 0.5624399970213004, -0.2331807898569509, 0.6407687294273603], [0.6200165505847217, 0.2596178380935604, -0.11273420806538031, 0.7317575100239976], [0.7153069339243963, 0.29989190139338373, 0.2176155424316049, 0.5924899268768531], [0.7429798329054621, 0.3666192386496871, 0.4192145979938774, 0.371255198719866], [0.7676147965052839, 0.3699803670912996, 0.45175513773717213, 0.2641956617380523], [0.8186553591496406, 0.3888643973568254, 0.37488711479344294, 0.1950577723797074]], "3": [[0.5516386484114374, 0.22977031938418166, -0.21626068376370405, 0.7720956667194478], [0.5586391500637772, 0.23670373692289698, -0.20783700753508821, 0.7672661984224356], [0.5465299209281965, 0.27793523058162095, -0.23526626073695558, 0.7541265409005383], [0.5419654609406889, 0.41990043275026917, -0.33000577403025877, 0.6488861647701955], [0.5324770800787165, 0.5380103683644206, -0.3322265382346783, 0.562706433245459], [0.5200298087291357, 0.6323493478698995, -0.22206495071713622, 0.529519081756878], [0.4762572710523725, 0.7170540701450674, -0.049885830938404235, 0.506481861599924], [0.38776758050586746, 0.776373810850703, 0.06017346843360383, 0.4932131010328625], [0.36810926586027903, 0.7879206250774197, 0.11913891591646406, 0.4790433964471951], [0.37187343121639305, 0.7898545320954382, 0.1177865967312261, 0.4732507653603093], [0.3838900452886121, 0.7747551972845478, 0.09803019715616326, 0.4927198979688283], [0.38842729700403433, 0.7130141650380715, 0.03669296572433178, 0.5825707353305302], [0.5022392155189208, 0.5259547289285984, -0.22707566935858955, 0.6477376273599765], [0.6351395487640767, 0.17278415059618926, -0.0812157223470451, 0.7484299548669643], [0.7437865147833986, 0.23193519878144694, 0.2898720970756761, 0.5558433694212118], [0.7788498394579705, 0.3280624742094853, 0.4217812909339741, 0.3284333771252771], [0.8307839866380953, 0.3427218008403211, 0.36211854518396225, 0.2474063338080314]], "4": [[0.5584735366067917, 0.2446453059844571, -0.24641062334203884, 0.7533510389412508], [0.5609458682881671, 0.24677539417960065, -0.2457859197064858, 0.7510199194109126], [0.5593210233286677, 0.299860310849574, -0.2767676750941093, 0.7215562631304439], [0.5539224725857509, 0.4512732142008884, -0.3788171324513297, 0.588234613628473], [0.5395815499961196, 0.5776355507031137, -0.335449679466889, 0.5125060331481543], [0.5036940029987536, 0.6717358893684687, -0.14535527473679502, 0.523388087735702], [0.43864507682165305, 0.7506409419435076, 0.018021418191681987, 0.4937650264494748], [0.3772370373919632, 0.794659683130723, 0.11338406628504247, 0.46190070268292793], [0.3662758610878488, 0.7985192702554524, 0.12382886671323506, 0.46138420040522654], [0.3813814100742645, 0.7616881465757358, 0.052487076662568716, 0.5211760683293158], [0.46565488989790343, 0.5470190934280736, -0.11729145559965054, 0.6856955223585867], [0.6353628450885476, 0.13775887938136186, -0.13075162227287973, 0.7484921906777571], [0.7549295508690727, 0.15444356785465832, 0.2417871657199031, 0.5897181734236109], [0.77058015204091, 0.30396395429923007, 0.4112704045094872, 0.38035351732564043], [0.8057142324040562, 0.3155648895364697, 0.36850292047155886, 0.3397778300556264], [0.8165290725295704, 0.36952864405582797, 0.28035396641839483, 0.3437011906434636], [0.7910809627887188, 0.4019865539323654, 0.2043117024139067, 0.4133454354744789]], "5": [[0.5475675950347333, 0.2822573139399355, -0.29305035999314466, 0.7311785172604425], [0.5464014665354228, 0.2831499585346894, -0.2924805816153569, 0.7319334995255274], [0.5528183270618183, 0.3249071031913239, -0.31979642622867754, 0.697536749807321], [0.5410321178098986, 0.47057840543476226, -0.4031456431294751, 0.568606896073495], [0.5331111332707962, 0.5617915847739534, -0.35475901863597703, 0.5237640437795782], [0.5198812804610318, 0.6312809929569512, -0.1899461158484152, 0.5432570618331476], [0.46960426628495167, 0.7272398004652543, -0.026724964822618075, 0.4998798675296489], [0.40543628102350915, 0.7747674609372718, 0.08724345159842509, 0.4772267633482353], [0.3977968791945916, 0.7810310851141677, 0.1139096564281536, 0.467731415623164], [0.41132254052519507, 0.7546739206749622, 0.07290051615735987, 0.5059313746477587], [0.43902379883819653, 0.6547204919019118, -0.039329140547865016, 0.6140459268175009], [0.5519957363900351, 0.42425891870412547, -0.3206790625440245, 0.6422382858045096], [0.7139005243729792, 0.17272370171769275, -0.06737197267360437, 0.6752581591235978], [0.7413222700362756, 0.2757262252882962, 0.2771077492426881, 0.5455525968650342], [0.7483571953604131, 0.3366421981145026, 0.43164667351676506, 0.37458602195336055], [0.7588254411401756, 0.33022782470346496, 0.4469008497403646, 0.3397251303206396], [0.7958902587648243, 0.3865532855138653, 0.37634740727901583, 0.27476878006072636]], "times": [0.0, 0.17708333333333334, 0.3541666666666667, 0.53125, 0.7083333333333334, 0.8854166666666667, 1.0625, 1.2395833333333335, 1.4166666666666667, 1.59375, 1.7708333333333335, 1.9479166666666667, 2.125, 2.3020833333333335, 2.479166666666667, 2.65625, 2.8333333333333335]}